{
  "raw_files": {
    "2019_SCADA_Pressures.csv": "/Users/test/Code/aabcor/projectK/nrw-ai/data/raw/battledim/2019_SCADA_Pressures.csv",
    "2019_SCADA_Flows.csv": "/Users/test/Code/aabcor/projectK/nrw-ai/data/raw/battledim/2019_SCADA_Flows.csv",
    "2019_SCADA.xlsx": "/Users/test/Code/aabcor/projectK/nrw-ai/data/raw/battledim/2019_SCADA.xlsx",
    "2019_Leakages.csv": "/Users/test/Code/aabcor/projectK/nrw-ai/data/raw/battledim/2019_Leakages.csv"
  },
  "leak_events": 2,
  "leak_median_duration_min": 249747.5,
  "label_counts": {
    "1": 99901,
    "0": 5219
  },
  "labelled_rows": 105120,
  "profile": {
    "rows": 105120,
    "columns": 38,
    "missing_ratio": {
      "timestamp": 0.0,
      "p227": 0.0,
      "p235": 0.0,
      "pump_1": 0.0,
      "n1": 0.0,
      "n4": 0.0,
      "n31": 0.0,
      "n54": 0.0,
      "n105": 0.0,
      "n114": 0.0,
      "n163": 0.0,
      "n188": 0.0,
      "n215": 0.0,
      "n229": 0.0,
      "n288": 0.0,
      "n296": 0.0,
      "n332": 0.0,
      "n342": 0.0,
      "n410": 0.0,
      "n415": 0.0,
      "n429": 0.0,
      "n458": 0.0,
      "n469": 0.0,
      "n495": 0.0,
      "n506": 0.0,
      "n516": 0.0,
      "n519": 0.0,
      "n549": 0.0,
      "n613": 0.0,
      "n636": 0.0,
      "n644": 0.0,
      "n679": 0.0,
      "n722": 0.0,
      "n726": 0.0,
      "n740": 0.0,
      "n752": 0.0,
      "n769": 0.0,
      "is_leak": 0.0
    },
    "numeric_summary": {
      "p227": {
        "min": 25.86,
        "max": 205.44,
        "mean": 126.68092161339422,
        "median": 129.43
      },
      "p235": {
        "min": 25.2,
        "max": 194.35,
        "mean": 124.14384560502283,
        "median": 130.12
      },
      "pump_1": {
        "min": 0.0,
        "max": 44.38,
        "mean": 34.12991343226788,
        "median": 43.73
      },
      "n1": {
        "min": 25.72,
        "max": 29.22,
        "mean": 28.02833171613394,
        "median": 28.03
      },
      "n4": {
        "min": 30.71,
        "max": 34.28,
        "mean": 33.14866657153729,
        "median": 33.16
      },
      "n31": {
        "min": 34.77,
        "max": 37.54,
        "mean": 36.512243245814304,
        "median": 36.52
      },
      "n54": {
        "min": 33.58,
        "max": 38.23,
        "mean": 36.02006088280061,
        "median": 36.03
      },
      "n105": {
        "min": 48.79,
        "max": 50.93,
        "mean": 49.98242151826484,
        "median": 49.95
      },
      "n114": {
        "min": 51.96,
        "max": 54.46,
        "mean": 53.36389421613395,
        "median": 53.33
      },
      "n163": {
        "min": 49.38,
        "max": 53.3,
        "mean": 51.542617865296805,
        "median": 51.54
      },
      "n188": {
        "min": 52.14,
        "max": 56.03,
        "mean": 54.305570776255706,
        "median": 54.3
      },
      "n215": {
        "min": 39.01,
        "max": 39.1,
        "mean": 39.07691942541858,
        "median": 39.08
      },
      "n229": {
        "min": 49.07,
        "max": 53.32,
        "mean": 51.40497441019788,
        "median": 51.45
      },
      "n288": {
        "min": 49.79,
        "max": 53.29,
        "mean": 51.807628995433795,
        "median": 51.85
      },
      "n296": {
        "min": 40.15,
        "max": 42.76,
        "mean": 41.813790239726025,
        "median": 41.84
      },
      "n332": {
        "min": 54.26,
        "max": 56.94,
        "mean": 55.736457477168955,
        "median": 55.7
      },
      "n342": {
        "min": 43.38,
        "max": 47.54,
        "mean": 45.64191381278539,
        "median": 45.66
      },
      "n410": {
        "min": 27.24,
        "max": 32.07,
        "mean": 29.787740011415526,
        "median": 29.82
      },
      "n415": {
        "min": 42.61,
        "max": 46.39,
        "mean": 44.65013907914764,
        "median": 44.64
      },
      "n429": {
        "min": 33.22,
        "max": 37.76,
        "mean": 35.65127844368341,
        "median": 35.67
      },
      "n458": {
        "min": 40.22,
        "max": 44.31,
        "mean": 42.45898116438356,
        "median": 42.46
      },
      "n469": {
        "min": 45.78,
        "max": 47.95,
        "mean": 46.995382324961945,
        "median": 46.96
      },
      "n495": {
        "min": 50.42,
        "max": 52.0,
        "mean": 51.29004366438356,
        "median": 51.27
      },
      "n506": {
        "min": 51.62,
        "max": 53.99,
        "mean": 52.93647545662101,
        "median": 52.89
      },
      "n516": {
        "min": 52.48,
        "max": 55.39,
        "mean": 54.14443179223744,
        "median": 54.11
      },
      "n519": {
        "min": 44.65,
        "max": 48.29,
        "mean": 46.64169073439878,
        "median": 46.63
      },
      "n549": {
        "min": 52.12,
        "max": 55.38,
        "mean": 54.01159570015222,
        "median": 53.99
      },
      "n613": {
        "min": 52.74,
        "max": 56.9,
        "mean": 55.06112376331809,
        "median": 55.06
      },
      "n636": {
        "min": 42.71,
        "max": 46.13,
        "mean": 44.60494035388128,
        "median": 44.63
      },
      "n644": {
        "min": 44.22,
        "max": 48.24,
        "mean": 46.497652872907146,
        "median": 46.54
      },
      "n679": {
        "min": 44.49,
        "max": 47.82,
        "mean": 46.3861926369863,
        "median": 46.42
      },
      "n722": {
        "min": 43.86,
        "max": 46.49,
        "mean": 45.41547954718417,
        "median": 45.44
      },
      "n726": {
        "min": 44.4,
        "max": 47.55,
        "mean": 46.193714707001526,
        "median": 46.22
      },
      "n740": {
        "min": 42.68,
        "max": 43.98,
        "mean": 43.45302454337899,
        "median": 43.47
      },
      "n752": {
        "min": 46.31,
        "max": 49.61,
        "mean": 48.19902815829529,
        "median": 48.24
      },
      "n769": {
        "min": 46.39,
        "max": 48.83,
        "mean": 47.783419996194816,
        "median": 47.81
      },
      "is_leak": {
        "min": 0.0,
        "max": 1.0,
        "mean": 0.9503519786910198,
        "median": 1.0
      }
    },
    "time_range": {
      "start": "2019-01-01T00:00:00",
      "end": "2019-12-31T23:55:00"
    },
    "preview": [
      {
        "timestamp": "2019-01-01T00:00:00",
        "p227": 88.14,
        "p235": 90.89,
        "pump_1": 44.02,
        "n1": 28.63,
        "n4": 33.72,
        "n31": 37.0,
        "n54": 36.93,
        "n105": 50.45,
        "n114": 53.92,
        "n163": 52.39,
        "n188": 55.15,
        "n215": 39.09,
        "n229": 52.35,
        "n288": 52.64,
        "n296": 42.35,
        "n332": 56.33,
        "n342": 46.56,
        "n410": 30.88,
        "n415": 45.47,
        "n429": 36.59,
        "n458": 43.34,
        "n469": 47.47,
        "n495": 51.64,
        "n506": 53.46,
        "n516": 54.76,
        "n519": 47.43,
        "n549": 54.69,
        "n613": 55.95,
        "n636": 45.37,
        "n644": 47.45,
        "n679": 47.17,
        "n722": 46.03,
        "n726": 46.96,
        "n740": 43.75,
        "n752": 49.0,
        "n769": 48.38,
        "is_leak": 0
      },
      {
        "timestamp": "2019-01-01T00:05:00",
        "p227": 82.9,
        "p235": 83.3,
        "pump_1": 44.04,
        "n1": 28.66,
        "n4": 33.75,
        "n31": 37.02,
        "n54": 37.05,
        "n105": 50.54,
        "n114": 54.02,
        "n163": 52.51,
        "n188": 55.26,
        "n215": 39.1,
        "n229": 52.49,
        "n288": 52.71,
        "n296": 42.39,
        "n332": 56.43,
        "n342": 46.66,
        "n410": 30.99,
        "n415": 45.56,
        "n429": 36.71,
        "n458": 43.45,
        "n469": 47.56,
        "n495": 51.7,
        "n506": 53.55,
        "n516": 54.88,
        "n519": 47.53,
        "n549": 54.8,
        "n613": 56.07,
        "n636": 45.46,
        "n644": 47.54,
        "n679": 47.25,
        "n722": 46.08,
        "n726": 47.03,