{
  "auroc": 0.9948286122668026,
  "auprc": 0.9997311201415471,
  "recall_at_fpr": 0.9568648079957917,
  "fpr_target": 0.02,
  "threshold": 0.7762534618377686
}