{
  "auroc": 0.9845007838573475,
  "auprc": 0.989868118277551,
  "recall_at_fpr": 0.6788685524126455,
  "fpr_target": 0.02,
  "threshold": 0.8589534163475037
}