{
  "score_acoustic": {
    "auroc": 0.7543859649122807,
    "auprc": 0.8776726353189679,
    "recall_at_fpr": 0.42105263157894735,
    "fpr_target": 0.02,
    "threshold": 0.5609990358352661
  },
  "score_hydraulic": {
    "auroc": 1.0,
    "auprc": 0.9999999999999998,
    "recall_at_fpr": 1.0,
    "fpr_target": 0.02,
    "threshold": 0.9638202786445618
  },
  "score_fusion": {
    "auroc": 1.0,
    "auprc": 0.9999999999999998,
    "recall_at_fpr": 1.0,
    "fpr_target": 0.02,
    "threshold": 0.7159408025895301
  },
  "_by_source": {
    "hk_acoustic": {
      "score_acoustic": {
        "auroc": 0.7543859649122807,
        "auprc": 0.8776726353189679,
        "recall_at_fpr": 0.42105263157894735,
        "fpr_target": 0.02,
        "threshold": 0.5609990358352661
      },
      "score_hydraulic": {
        "auroc": 1.0,
        "auprc": 0.9999999999999998,
        "recall_at_fpr": 1.0,
        "fpr_target": 0.02,
        "threshold": 0.9638202786445618
      },
      "score_fusion": {
        "auroc": 1.0,
        "auprc": 0.9999999999999998,
        "recall_at_fpr": 1.0,
        "fpr_target": 0.02,
        "threshold": 0.7159408025895301
      }
    }
  }
}